"term","estimate","std.error","statistic","p.value"
"(Intercept)",0.453643026850193,0.00661972354091451,68.5289988390547,1.9386778229838e-222
"GenderF",0.0342034333967772,0.00936170281072175,3.6535483008075,0.000293251434851753
