"term","estimate","std.error","statistic","p.value"
"(Intercept)",0.462735321002421,0.00850475930930029,54.40898491935,2.04170960167181e-270
"RaceChinese",0.109238096158381,0.0120275459599313,9.08232623032976,8.24759676306437e-19
"RaceLatinx",0.0279333573141397,0.0120275459599313,2.32244860316453,0.0204601365021706
"RaceBlack",0.0742227253807436,0.0120275459599313,6.17106146407672,1.0794353597172e-09
