"term","estimate","std.error","statistic","p.value"
"(Intercept)",0.537596708957323,0.00922108907039175,58.3007825706301,1.63591923710426e-289
"RaceChinese",-0.00792759138562073,0.0130405892231984,-0.607916655446677,0.543416152635345
"RaceLatinx",0.10288434271313,0.0130405892231983,7.88954708657684,1.00119679785415e-14
"RaceWhite",0.107083450204111,0.0130405892231983,8.21154998223679,8.78867017310477e-16
