"term","estimate","std.error","statistic","p.value"
"(Intercept)",0.524001617547972,0.0109000789098928,48.0731948713134,1.33422194719065e-237
"RaceChinese",-0.0612287501062904,0.0154150394253074,-3.97201385069239,7.77272696613541e-05
"RaceLatinx",-0.00749220006324588,0.0154150394253074,-0.486031845688677,0.627078354744028
"RaceBlack",-0.0525193606168215,0.0154150394253074,-3.40702084294373,0.000689722002256897
