"term","estimate","std.error","statistic","p.value"
"(Intercept)",0.862413812696934,0.0149459392415541,57.70221588344,1.25767209105887e-286
"RaceChinese",-0.0272517089381329,0.0211367499778102,-1.28930459823494,0.197666729725473
"RaceLatinx",0.00941606939924616,0.0211367499778101,0.445483312672543,0.656091644878494
"RaceWhite",-0.119106348037948,0.0211367499778101,-5.63503604683732,2.42915891600044e-08
