DataFrame,avgCS_RoBERTa_base
AFvP,0.9212237
AFvU,0.9197681
EUvP,0.9144188
EUvU,0.905105
LXvP,0.9277104
LXvU,0.9236377
CHvP,0.907426
CHvU,0.9042775
MvP,0.9051906
MvU,0.8934629
FvP,0.92707324
FvU,0.9216461
MvS,0.86311835
MvN,0.8890492
FvS,0.8885961
FvN,0.9214824
