"term","estimate","std.error","statistic","p.value"
"(Intercept)",0.647036408446581,0.0198216570786535,32.6429019470523,5.3029707024794e-149
"RaceChinese",-0.129475624763392,0.0280320562693405,-4.618841497725,4.49881131291427e-06
"RaceLatinx",0.00627876790786465,0.0280320562693405,0.223985277695519,0.822826234162751
"RaceBlack",-0.207866419345545,0.0280320562693404,-7.41531114764831,3.10983968496443e-13
