"term","estimate","std.error","statistic","p.value"
"(Intercept)",0.536958046383165,0.00850475930930028,63.1361837360853,3.65713983375532e-312
"RaceChinese",0.0350153707776376,0.0120275459599313,2.91126476625308,0.00370021450497859
"RaceLatinx",-0.0462893680666041,0.0120275459599313,-3.84861286091219,0.000128306670983199
"RaceWhite",-0.0742227253807435,0.0120275459599313,-6.17106146407671,1.07943535971724e-09
