"term","estimate","std.error","statistic","p.value"
"(Intercept)",0.357890642082851,0.00730837264814826,48.9699498524518,1.40926767276723e-170
"GenderF",0.0123315793564893,0.0103355997178879,1.19311696399649,0.23353432234031
