"term","estimate","std.error","statistic","p.value"
"(Intercept)",0.309420315350513,0.00755969271624017,40.9302767936319,1.02149403179049e-144
"GenderF",0.0406042978068793,0.01069101996668,3.79798166437142,0.000168646326934
