DataFrame,avgCS_stsb_xlm_r_multilingual
AFvP,0.3794531
AFvU,0.2780136
EUvP,0.3130882
EUvU,0.21661916
LXvP,0.33806428
LXvU,0.19960564
CHvP,0.41076145
CHvU,0.28571582
MvP,0.30495846
MvU,0.20777255
FvP,0.33554086
FvU,0.22686012
MvS,0.1760044
MvN,0.21934326
FvS,0.21230999
FvN,0.2303693
