"term","estimate","std.error","statistic","p.value"
"(Intercept)",0.423507735985389,0.00993185190460885,42.6413663889674,9.70095524970284e-208
"RaceChinese",0.00861423539683656,0.0140457596629789,0.6132979350018,0.539854556233914
"RaceLatinx",-0.0876917230808923,0.0140457596629789,-6.24328802321925,6.96457949894714e-10
"RaceWhite",-0.0686637211051655,0.0140457596629789,-4.88857297524077,1.22874181446518e-06
