"term","estimate","std.error","statistic","p.value"
"(Intercept)",0.344949953688591,0.00803527921686415,42.9294296288576,1.92851949865668e-151
"GenderF",0.0213475825829378,0.011363600845944,1.87859313894834,0.061030776818193
