"term","estimate","std.error","statistic","p.value"
"(Intercept)",0.354844014880224,0.00993185190460886,35.7278801867312,1.43340930103225e-167
"RaceChinese",0.077277956502002,0.0140457596629789,5.50187091024255,5.06798860340448e-08
"RaceLatinx",-0.0190280019757266,0.0140457596629789,-1.35471504797847,0.175892730861832
"RaceBlack",0.0686637211051656,0.0140457596629789,4.88857297524078,1.22874181446514e-06
