"term","estimate","std.error","statistic","p.value"
"(Intercept)",0.723765935740482,0.0171094008529152,42.3022373467369,7.99964428036239e-206
"RaceChinese",0.0888971333316105,0.0241963467302705,3.67398989287903,0.000254778029564314
"RaceLatinx",0.125184331792275,0.0241963467302705,5.17368730030905,2.90726684109799e-07
"RaceBlack",0.119122388165709,0.0241963467302704,4.92315594141669,1.03557689447383e-06
