DataFrame,avgCS_BERT_base_multilingual_uncased
AFvP,0.85708827
AFvU,0.7520563
EUvP,0.84719104
EUvU,0.7308025
LXvP,0.8488781
LXvU,0.7279399
CHvP,0.7964813
CHvU,0.73430574
MvP,0.8319286
MvU,0.72030395
FvP,0.8637605
FvU,0.7379715
MvS,0.7074612
MvN,0.81230485
FvS,0.731626
FvN,0.83658606
