DataFrame,avgCS_distilbert_base_multilingual_cased
AFvP,0.52382624
AFvU,0.5640801
EUvP,0.5465292
EUvU,0.5474289
LXvP,0.542147
LXvU,0.5407312
CHvP,0.5219613
CHvU,0.56838125
MvP,0.54876155
MvU,0.55615425
FvP,0.54311264
FvU,0.5377221
MvS,0.4913208
MvN,0.5680473
FvS,0.48768136
FvN,0.5522708
