"term","estimate","std.error","statistic","p.value"
"(Intercept)",0.592169730146419,0.0108112372171135,54.7735396286609,3.0723524720461e-272
"RaceChinese",0.0111864567874846,0.0152893982984747,0.731647941214314,0.464598814901314
"RaceLatinx",-0.0607258612151857,0.0152893982984747,-3.97176265734695,7.7807689423715e-05
"RaceWhite",-0.043306464100927,0.0152893982984746,-2.83245051607083,0.00473595069302458
